Origin,Population type,2016,2017,2018
Afghanistan,Asylum-seekers,368957,334003,310094
Afghanistan,Internally displaced persons,1797551,1837079,2106893
Afghanistan,Others of concern,114221,448040,489859
Afghanistan,Refugees (incl. refugee-like situations),2501445,2624266,2681232
Afghanistan,Returned IDPs,0,32649,73527
Afghanistan,Returned refugees,383951,60545,16220
Albania,Asylum-seekers,23787,18764,21066
Albania,Others of concern,1,1,0
Albania,Refugees (incl. refugee-like situations),11065,12176,13507
Algeria,Asylum-seekers,7162,6444,7419
Algeria,Others of concern,7,8,11
Algeria,Refugees (incl. refugee-like situations),3726,4042,4156
Algeria,Returned refugees,5,0,0
American Samoa,Asylum-seekers,3,3,0
Andorra,Asylum-seekers,4,5,0
Andorra,Refugees (incl. refugee-like situations),2,3,0
Angola,Asylum-seekers,4773,7838,8894
Angola,Others of concern,19958,17730,18020
Angola,Refugees (incl. refugee-like situations),8404,8308,8213
Anguilla,Refugees (incl. refugee-like situations),1,0,0
Antigua and Barbuda,Asylum-seekers,32,57,49
Antigua and Barbuda,Refugees (incl. refugee-like situations),83,102,97
Argentina,Asylum-seekers,214,360,479
Argentina,Others of concern,0,0,0
Argentina,Refugees (incl. refugee-like situations),128,129,97
Armenia,Asylum-seekers,13100,14927,13665
Armenia,Others of concern,12,8,5
Armenia,Refugees (incl. refugee-like situations),10719,10798,11020
Australia,Asylum-seekers,15,15,18
Australia,Refugees (incl. refugee-like situations),14,14,0
Austria,Asylum-seekers,6,29,0
Austria,Refugees (incl. refugee-like situations),6,9,14
Azerbaijan,Asylum-seekers,8097,9560,9297
Azerbaijan,Internally displaced persons,613129,612785,620422
Azerbaijan,Others of concern,1,1,0
Azerbaijan,Refugees (incl. refugee-like situations),10112,10893,11226
Bahamas,Asylum-seekers,121,236,381
Bahamas,Refugees (incl. refugee-like situations),299,378,411
Bahrain,Asylum-seekers,95,180,130
Bahrain,Refugees (incl. refugee-like situations),462,501,535
Bangladesh,Asylum-seekers,25931,68128,58816
Bangladesh,Others of concern,15,15,8
Bangladesh,Refugees (incl. refugee-like situations),13850,16791,20988
Barbados,Asylum-seekers,45,77,81
Barbados,Refugees (incl. refugee-like situations),148,172,211
Belarus,Asylum-seekers,1940,2885,3280
Belarus,Others of concern,0,0,0
Belarus,Refugees (incl. refugee-like situations),3840,3657,3511
Belgium,Asylum-seekers,21,37,76
Belgium,Others of concern,1,1,0
Belgium,Refugees (incl. refugee-like situations),45,53,50
Belize,Asylum-seekers,160,209,217
Belize,Refugees (incl. refugee-like situations),57,65,63
Benin,Asylum-seekers,1174,1140,1036
Benin,Others of concern,7,7,6
Benin,Refugees (incl. refugee-like situations),489,583,634
Bermuda,Asylum-seekers,2,0,0
Bhutan,Asylum-seekers,286,405,381
Bhutan,Refugees (incl. refugee-like situations),11757,7952,7080
Bolivia (Plurinational State of),Asylum-seekers,422,870,1001
Bolivia (Plurinational State of),Refugees (incl. refugee-like situations),537,528,487
Bosnia and Herzegovina,Asylum-seekers,3112,1883,1604
Bosnia and Herzegovina,Internally displaced persons,98324,98574,96830
Bosnia and Herzegovina,Others of concern,52438,48908,48907
Bosnia and Herzegovina,Refugees (incl. refugee-like situations),18199,17694,16935
Bosnia and Herzegovina,Returned refugees,5,0,0
Botswana,Asylum-seekers,126,100,79
Botswana,Others of concern,1,1,0
Botswana,Refugees (incl. refugee-like situations),272,284,284
Brazil,Asylum-seekers,3776,6803,8547
Brazil,Refugees (incl. refugee-like situations),809,855,1018
Brunei Darussalam,Asylum-seekers,4,11,0
Brunei Darussalam,Refugees (incl. refugee-like situations),1,1,0
Bulgaria,Asylum-seekers,260,324,345
Bulgaria,Others of concern,1,1,0
Bulgaria,Refugees (incl. refugee-like situations),805,722,620
Burkina Faso,Asylum-seekers,4212,5577,4908
Burkina Faso,Internally displaced persons,0,2350,47029
Burkina Faso,Refugees (incl. refugee-like situations),2357,2703,11432
Burundi,Asylum-seekers,24400,60448,53350
Burundi,Internally displaced persons,141221,57258,31908
Burundi,Others of concern,164066,164206,14148
Burundi,Refugees (incl. refugee-like situations),408085,439329,387815
Burundi,Returned refugees,4117,70612,45536
Cabo Verde,Asylum-seekers,103,183,201
Cabo Verde,Refugees (incl. refugee-like situations),13,11,0
Cambodia,Asylum-seekers,383,1587,747
Cambodia,Refugees (incl. refugee-like situations),12429,12236,12119
Cameroon,Asylum-seekers,10928,24634,18610
Cameroon,Internally displaced persons,198889,221695,668494
Cameroon,Others of concern,27,24,11
Cameroon,Refugees (incl. refugee-like situations),10374,11048,45083
Cameroon,Returned IDPs,18213,33662,67653
Cameroon,Returned refugees,134,1,0
Canada,Asylum-seekers,67,80,59
Canada,Others of concern,0,1,0
Canada,Refugees (incl. refugee-like situations),84,82,76
Cayman Islands,Asylum-seekers,0,0,0
Cayman Islands,Refugees (incl. refugee-like situations),7,7,6
Central African Rep.,Asylum-seekers,10603,13012,17265
Central African Rep.,Internally displaced persons,411785,688700,640969
Central African Rep.,Others of concern,21012,21433,21697
Central African Rep.,Refugees (incl. refugee-like situations),490892,545525,590843
Central African Rep.,Returned IDPs,0,89019,306246
Central African Rep.,Returned refugees,34403,78618,35182
Chad,Asylum-seekers,3180,3120,4397
Chad,Internally displaced persons,124342,99983,165313
Chad,Others of concern,16722,37319,16724
Chad,Refugees (incl. refugee-like situations),14193,16340,10845
Chad,Returned refugees,28,969,6351
Chile,Asylum-seekers,205,362,516
Chile,Refugees (incl. refugee-like situations),498,494,469
China,Asylum-seekers,72144,89508,94339
China,Others of concern,2,2,0
China,Refugees (incl. refugee-like situations),207772,207722,212019
"China, Hong Kong SAR",Asylum-seekers,112,106,23
"China, Hong Kong SAR",Refugees (incl. refugee-like situations),12,13,6
"China, Macao SAR",Asylum-seekers,1,9,25
"China, Macao SAR",Refugees (incl. refugee-like situations),4,1,0
Colombia,Asylum-seekers,12576,32484,45659
Colombia,Internally displaced persons,7410816,7677609,7816472
Colombia,Refugees (incl. refugee-like situations),311062,191622,138568
Colombia,Returned refugees,204,194,23897
Comoros,Asylum-seekers,240,337,487
Comoros,Refugees (incl. refugee-like situations),576,596,604
Congo,Asylum-seekers,4341,13094,11723
Congo,Internally displaced persons,15303,107828,138000
Congo,Others of concern,100,91,92
Congo,Refugees (incl. refugee-like situations),13302,13292,13294
Congo,Returned refugees,11,5,0
Cook Islands,Asylum-seekers,0,0,0
Cook Islands,Refugees (incl. refugee-like situations),1,1,0
Costa Rica,Asylum-seekers,308,491,535
Costa Rica,Refugees (incl. refugee-like situations),208,201,197
Croatia,Asylum-seekers,350,273,70
Croatia,Others of concern,14518,8019,4376
Croatia,Refugees (incl. refugee-like situations),26230,24873,24090
Croatia,Returned refugees,44,44,9
Cuba,Asylum-seekers,5027,13265,26580
Cuba,Refugees (incl. refugee-like situations),5948,5338,5453
Cuba,Returned refugees,0,8,0
Curaçao,Others of concern,0,1,0
Curaçao,Refugees (incl. refugee-like situations),35,35,35
Cyprus,Asylum-seekers,9,26,12
Cyprus,Refugees (incl. refugee-like situations),2,2,7
Czech Rep.,Asylum-seekers,240,313,212
Czech Rep.,Refugees (incl. refugee-like situations),1271,1277,1231
Côte d'Ivoire,Asylum-seekers,18621,26550,22833
Côte d'Ivoire,Others of concern,17,21,16
Côte d'Ivoire,Refugees (incl. refugee-like situations),46813,40019,38246
Côte d'Ivoire,Returned refugees,19552,8304,2839
Dem. People's Rep. of Korea,Asylum-seekers,533,591,137
Dem. People's Rep. of Korea,Refugees (incl. refugee-like situations),1422,1175,792
Dem. Rep. of the Congo,Asylum-seekers,82572,136161,133401
Dem. Rep. of the Congo,Internally displaced persons,2232900,4351376,4516865
Dem. Rep. of the Congo,Others of concern,9471,10560,10862
Dem. Rep. of the Congo,Refugees (incl. refugee-like situations),537473,620811,720272
Dem. Rep. of the Congo,Returned IDPs,619600,255635,0
Dem. Rep. of the Congo,Returned refugees,13223,28,6628
Denmark,Asylum-seekers,7,21,37
Denmark,Others of concern,1,1,0
Denmark,Refugees (incl. refugee-like situations),2,2,0
Djibouti,Asylum-seekers,840,1293,1098
Djibouti,Others of concern,2,1,0
Djibouti,Refugees (incl. refugee-like situations),1440,1763,2109
Dominica,Asylum-seekers,123,64,56
Dominica,Refugees (incl. refugee-like situations),24,29,36
Dominican Rep.,Asylum-seekers,2350,3163,3405
Dominican Rep.,Refugees (incl. refugee-like situations),361,432,457
Ecuador,Asylum-seekers,13699,17339,17716
Ecuador,Refugees (incl. refugee-like situations),1046,1256,1414
Egypt,Asylum-seekers,13050,14610,16729
Egypt,Others of concern,111,42,47
Egypt,Refugees (incl. refugee-like situations),19796,22110,24820
El Salvador,Asylum-seekers,62167,104903,119257
El Salvador,Internally displaced persons,0,71500,71500
El Salvador,Others of concern,9800,4200,27285
El Salvador,Refugees (incl. refugee-like situations),19614,25879,32542
Equatorial Guinea,Asylum-seekers,105,114,170
Equatorial Guinea,Refugees (incl. refugee-like situations),142,137,120
Eritrea,Asylum-seekers,64266,78343,78560
Eritrea,Others of concern,73,146,86
Eritrea,Refugees (incl. refugee-like situations),459430,486217,507205
Eritrea,Returned refugees,1,468,297
Estonia,Asylum-seekers,47,45,37
Estonia,Refugees (incl. refugee-like situations),305,286,276
Ethiopia,Asylum-seekers,78054,133683,133240
Ethiopia,Internally displaced persons,0,1078429,2615800
Ethiopia,Others of concern,691,4259,4228
Ethiopia,Refugees (incl. refugee-like situations),83966,87455,92172
Ethiopia,Returned refugees,1,3,16
Fiji,Asylum-seekers,514,679,1297
Fiji,Refugees (incl. refugee-like situations),792,737,675
Finland,Asylum-seekers,7,10,5
Finland,Refugees (incl. refugee-like situations),4,5,0
France,Asylum-seekers,121,150,215
France,Refugees (incl. refugee-like situations),54,56,54
French Guiana,Asylum-seekers,0,10,23
French Guiana,Refugees (incl. refugee-like situations),1,1,0
Gabon,Asylum-seekers,442,699,727
Gabon,Refugees (incl. refugee-like situations),171,227,332
Gabon,Returned refugees,1,3,0
Gambia,Asylum-seekers,18907,22236,13994
Gambia,Refugees (incl. refugee-like situations),11600,14578,17217
Gambia,Returned refugees,0,38,0
Georgia,Asylum-seekers,10289,16471,21009
Georgia,Internally displaced persons,273765,278103,282381
Georgia,Refugees (incl. refugee-like situations),6403,6526,6928
Germany,Asylum-seekers,132,176,173
Germany,Refugees (incl. refugee-like situations),74,75,56
Ghana,Asylum-seekers,11546,17540,12520
Ghana,Others of concern,4,4,0
Ghana,Refugees (incl. refugee-like situations),15541,16973,18036
Ghana,Returned refugees,0,1,0
Gibraltar,Refugees (incl. refugee-like situations),1,1,0
Greece,Asylum-seekers,86,103,121
Greece,Others of concern,1,0,0
Greece,Refugees (incl. refugee-like situations),105,106,102
Grenada,Asylum-seekers,65,64,60
Grenada,Refugees (incl. refugee-like situations),101,104,96
Guadeloupe,Asylum-seekers,0,37,11
Guam,Asylum-seekers,0,1,0
Guatemala,Asylum-seekers,46227,72726,86864
Guatemala,Others of concern,0,0,24
Guatemala,Refugees (incl. refugee-like situations),12554,16289,19113
Guinea,Asylum-seekers,24397,34550,33028
Guinea,Others of concern,1,1,0
Guinea,Refugees (incl. refugee-like situations),17548,20340,23458
Guinea,Returned refugees,0,5,0
Guinea-Bissau,Asylum-seekers,1882,3509,2831
Guinea-Bissau,Refugees (incl. refugee-like situations),1653,1875,2028
Guyana,Asylum-seekers,300,483,551
Guyana,Others of concern,0,0,0
Guyana,Refugees (incl. refugee-like situations),272,263,273
Haiti,Asylum-seekers,22459,37011,40959
Haiti,Others of concern,22930,43871,0
Haiti,Refugees (incl. refugee-like situations),29684,28438,27512
Haiti,Returned refugees,0,2,0
Holy See (the),Asylum-seekers,0,0,0
Honduras,Asylum-seekers,35203,59788,76514
Honduras,Internally displaced persons,174000,174000,174000
Honduras,Others of concern,4800,3200,46419
Honduras,Refugees (incl. refugee-like situations),10507,14427,18827
Hungary,Asylum-seekers,1663,1661,795
Hungary,Others of concern,3,3,0
Hungary,Refugees (incl. refugee-like situations),2909,3336,3917
Iceland,Asylum-seekers,3,0,0
Iceland,Refugees (incl. refugee-like situations),0,3,0
India,Asylum-seekers,27782,40364,51769
India,Others of concern,264,237,214
India,Refugees (incl. refugee-like situations),7291,7936,9566
Indonesia,Asylum-seekers,3586,5391,3372
Indonesia,Others of concern,3,3,0
Indonesia,Refugees (incl. refugee-like situations),13064,12491,12143
Iran (Islamic Rep. of),Asylum-seekers,87491,75096,87342
Iran (Islamic Rep. of),Others of concern,273,2731,87
Iran (Islamic Rep. of),Refugees (incl. refugee-like situations),94094,118637,129901
Iran (Islamic Rep. of),Returned refugees,11,6,8
Iraq,Asylum-seekers,278329,272643,256687
Iraq,Internally displaced persons,3604285,2615988,1802832
Iraq,Others of concern,15778,11227,7901
Iraq,Refugees (incl. refugee-like situations),316030,362542,372312
Iraq,Returned IDPs,1397016,1546586,944958
Iraq,Returned refugees,157,872,63
Ireland,Asylum-seekers,41,53,57
Ireland,Refugees (incl. refugee-like situations),5,6,0
Israel,Asylum-seekers,550,709,668
Israel,Refugees (incl. refugee-like situations),495,481,487
Italy,Asylum-seekers,145,287,371
Italy,Refugees (incl. refugee-like situations),51,53,54
Jamaica,Asylum-seekers,1144,1447,1492
Jamaica,Refugees (incl. refugee-like situations),2005,2233,2428
Japan,Asylum-seekers,81,105,102
Japan,Refugees (incl. refugee-like situations),59,50,42
Jordan,Asylum-seekers,2438,3496,4097
Jordan,Others of concern,131,62,1431
Jordan,Refugees (incl. refugee-like situations),1933,2143,2401
Kazakhstan,Asylum-seekers,2237,3526,5826
Kazakhstan,Refugees (incl. refugee-like situations),2364,2412,2505
Kazakhstan,Returned refugees,0,1,0
Kenya,Asylum-seekers,3550,5734,7275
Kenya,Others of concern,23,17,0
Kenya,Refugees (incl. refugee-like situations),7535,7574,7460
Kenya,Returned refugees,4,0,0
Kiribati,Refugees (incl. refugee-like situations),1,1,0
Kuwait,Asylum-seekers,654,959,1223
Kuwait,Others of concern,0,4,0
Kuwait,Refugees (incl. refugee-like situations),1021,1102,1236
Kyrgyzstan,Asylum-seekers,2370,2569,2724
Kyrgyzstan,Refugees (incl. refugee-like situations),2573,2777,2919
Lao People's Dem. Rep.,Asylum-seekers,170,228,284
Lao People's Dem. Rep.,Refugees (incl. refugee-like situations),7232,7059,6928
Latvia,Asylum-seekers,98,116,93
Latvia,Refugees (incl. refugee-like situations),172,164,147
Lebanon,Asylum-seekers,8490,9301,8023
Lebanon,Others of concern,0,0,14
Lebanon,Refugees (incl. refugee-like situations),4740,5324,5591
Lesotho,Asylum-seekers,698,16,23
Lesotho,Refugees (incl. refugee-like situations),12,11,6
Liberia,Asylum-seekers,2626,3383,2950
Liberia,Others of concern,110,147,88
Liberia,Refugees (incl. refugee-like situations),6573,6055,5463
Libya,Asylum-seekers,6516,6860,6752
Libya,Internally displaced persons,174510,180937,170490
Libya,Others of concern,6,5,8
Libya,Refugees (incl. refugee-like situations),8836,11216,13838
Libya,Returned IDPs,449840,149883,43681
Lithuania,Asylum-seekers,79,95,79
Lithuania,Refugees (incl. refugee-like situations),73,73,56
Luxembourg,Asylum-seekers,0,0,0
Luxembourg,Refugees (incl. refugee-like situations),2,3,0
Madagascar,Asylum-seekers,54,79,113
Madagascar,Others of concern,4,5,0
Madagascar,Refugees (incl. refugee-like situations),297,298,278
Malawi,Asylum-seekers,3752,3157,2797
Malawi,Refugees (incl. refugee-like situations),427,435,462
Malaysia,Asylum-seekers,6165,9484,15022
Malaysia,Others of concern,0,1,0
Malaysia,Refugees (incl. refugee-like situations),456,544,812
Maldives,Asylum-seekers,39,31,25
Maldives,Refugees (incl. refugee-like situations),57,63,59
Maldives,Returned refugees,0,0,0
Mali,Asylum-seekers,9708,15102,10849
Mali,Internally displaced persons,36690,38172,120298
Mali,Others of concern,23,366,0
Mali,Refugees (incl. refugee-like situations),156428,150326,158232
Mali,Returned IDPs,35986,23240,0
Mali,Returned refugees,9758,5076,6677
Malta,Asylum-seekers,1,4,0
Malta,Refugees (incl. refugee-like situations),0,0,0
Marshall Islands,Refugees (incl. refugee-like situations),3,7,7
Martinique,Refugees (incl. refugee-like situations),0,0,0
Mauritania,Asylum-seekers,7393,7544,8101
Mauritania,Others of concern,4,4,0
Mauritania,Refugees (incl. refugee-like situations),36266,36530,37020
Mauritius,Asylum-seekers,203,229,289
Mauritius,Refugees (incl. refugee-like situations),111,133,151
Mexico,Asylum-seekers,64269,85086,89771
Mexico,Refugees (incl. refugee-like situations),10385,11677,12845
Micronesia (Federated States of),Asylum-seekers,0,0,0
Monaco,Asylum-seekers,1,1,0
Monaco,Refugees (incl. refugee-like situations),3,3,0
Mongolia,Asylum-seekers,3816,4175,4387
Mongolia,Others of concern,2,5,5
Mongolia,Refugees (incl. refugee-like situations),2285,2228,2239
Montenegro,Asylum-seekers,1130,771,633
Montenegro,Refugees (incl. refugee-like situations),718,709,700
Morocco,Asylum-seekers,7202,6884,8153
Morocco,Others of concern,9,14,20
Morocco,Refugees (incl. refugee-like situations),2262,3098,3848
Mozambique,Asylum-seekers,5712,12589,8960
Mozambique,Internally displaced persons,15128,15128,0
Mozambique,Refugees (incl. refugee-like situations),50,50,37
Mozambique,Returned IDPs,0,0,8845
Mozambique,Returned refugees,5755,6231,8845
Myanmar,Asylum-seekers,55976,41092,30434
Myanmar,Internally displaced persons,375016,353108,370305
Myanmar,Others of concern,262,110,98
Myanmar,Refugees (incl. refugee-like situations),490289,1156743,1145144
Myanmar,Returned IDPs,1346,684,379
Myanmar,Returned refugees,74,2,95
Namibia,Asylum-seekers,141,214,327
Namibia,Others of concern,41,5,0
Namibia,Refugees (incl. refugee-like situations),1366,1372,1321
Namibia,Returned refugees,8,18,106
Nepal,Asylum-seekers,11538,13188,9060
Nepal,Others of concern,585,382,328
Nepal,Refugees (incl. refugee-like situations),8377,8425,8574
Netherlands,Asylum-seekers,49,70,86
Netherlands,Refugees (incl. refugee-like situations),37,45,36
New Zealand,Asylum-seekers,18,29,15
New Zealand,Others of concern,1,1,0
New Zealand,Refugees (incl. refugee-like situations),28,38,34
Nicaragua,Asylum-seekers,2126,2735,32256
Nicaragua,Refugees (incl. refugee-like situations),1419,1478,1661
Niger,Asylum-seekers,861,2420,2027
Niger,Internally displaced persons,121391,129015,156136
Niger,Others of concern,14678,14820,25731
Niger,Refugees (incl. refugee-like situations),1235,1369,2705
Niger,Returned IDPs,0,5867,24727
Nigeria,Asylum-seekers,66357,91922,84588
Nigeria,Internally displaced persons,2219272,1704080,2167924
Nigeria,Others of concern,14,22,1424
Nigeria,Refugees (incl. refugee-like situations),229311,239002,276799
Nigeria,Returned IDPs,689906,381780,176155
Nigeria,Returned refugees,0,282761,0
Niue,Asylum-seekers,0,4,5
Niue,Refugees (incl. refugee-like situations),19,19,19
Norfolk Island,Refugees (incl. refugee-like situations),1,0,0
Norway,Asylum-seekers,18,29,6
Norway,Refugees (incl. refugee-like situations),10,11,0
Oman,Asylum-seekers,25,27,28
Oman,Refugees (incl. refugee-like situations),38,38,32
Pakistan,Asylum-seekers,67748,76902,75315
Pakistan,Internally displaced persons,448956,174354,96384
Pakistan,Refugees (incl. refugee-like situations),105428,128931,132219
Pakistan,Returned IDPs,704370,281640,83454
Pakistan,Returned refugees,7,17,12
Palau,Asylum-seekers,2,4,0
Palau,Refugees (incl. refugee-like situations),2,2,0
Palestinian,Asylum-seekers,5984,8879,13439
Palestinian,Others of concern,2199,1659,1459
Palestinian,Refugees (incl. refugee-like situations),97796,99641,100693
Palestinian,Returned refugees,0,0,0
Panama,Asylum-seekers,84,126,136
Panama,Refugees (incl. refugee-like situations),40,41,34
Papua New Guinea,Asylum-seekers,264,374,445
Papua New Guinea,Refugees (incl. refugee-like situations),399,404,419
Paraguay,Asylum-seekers,115,184,274
Paraguay,Refugees (incl. refugee-like situations),71,77,63
Peru,Asylum-seekers,2301,3512,4885
Peru,Refugees (incl. refugee-like situations),2609,2599,2569
Peru,Returned refugees,0,1,0
Philippines,Asylum-seekers,3120,8099,3796
Philippines,Internally displaced persons,87418,311943,77650
Philippines,Others of concern,80053,80047,80038
Philippines,Refugees (incl. refugee-like situations),434,449,505
Philippines,Returned IDPs,255626,318483,445655
Poland,Asylum-seekers,561,794,902
Poland,Refugees (incl. refugee-like situations),1159,1122,1075
Portugal,Asylum-seekers,78,175,240
Portugal,Refugees (incl. refugee-like situations),19,18,0
Puerto Rico,Asylum-seekers,0,1,0
Qatar,Asylum-seekers,23,42,33
Qatar,Refugees (incl. refugee-like situations),29,36,30
Rep. of Korea,Asylum-seekers,276,389,537
Rep. of Korea,Refugees (incl. refugee-like situations),250,242,269
Rep. of Moldova,Asylum-seekers,4092,3427,4527
Rep. of Moldova,Others of concern,1,1,0
Rep. of Moldova,Refugees (incl. refugee-like situations),2318,2341,2377
Romania,Asylum-seekers,2498,3277,4250
Romania,Others of concern,2,2,0
Romania,Refugees (incl. refugee-like situations),1199,1212,1150
Russian Federation,Asylum-seekers,34993,38686,43252
Russian Federation,Others of concern,2,2,0
Russian Federation,Refugees (incl. refugee-like situations),62759,61590,61432
Russian Federation,Returned refugees,56,8,32
Rwanda,Asylum-seekers,11709,12806,13742
Rwanda,Others of concern,6004,6676,14998
Rwanda,Refugees (incl. refugee-like situations),286073,258997,247439
Rwanda,Returned refugees,6105,18110,3077
Saint Kitts and Nevis,Asylum-seekers,23,21,11
Saint Kitts and Nevis,Refugees (incl. refugee-like situations),49,50,53
Saint Lucia,Asylum-seekers,199,178,64
Saint Lucia,Refugees (incl. refugee-like situations),994,996,1025
Saint Vincent and the Grenadines,Asylum-seekers,133,136,55
Saint Vincent and the Grenadines,Refugees (incl. refugee-like situations),1333,1307,1248
Saint-Pierre-et-Miquelon,Asylum-seekers,1,1,0
Saint-Pierre-et-Miquelon,Refugees (incl. refugee-like situations),1,1,0
Samoa,Asylum-seekers,11,11,42
Samoa,Refugees (incl. refugee-like situations),1,1,0
San Marino,Refugees (incl. refugee-like situations),2,2,0
Sao Tome and Principe,Asylum-seekers,12,24,25
Sao Tome and Principe,Refugees (incl. refugee-like situations),29,29,26
Saudi Arabia,Asylum-seekers,1000,1256,1431
Saudi Arabia,Others of concern,9,9,10
Saudi Arabia,Refugees (incl. refugee-like situations),936,1216,1457
Senegal,Asylum-seekers,16319,25197,17402
Senegal,Refugees (incl. refugee-like situations),23061,26596,18183
Senegal,Returned refugees,0,1,0
Serbia and Kosovo (S/RES/1244 (1999)),Asylum-seekers,21701,13241,9261
Serbia and Kosovo (S/RES/1244 (1999)),Internally displaced persons,219633,217453,199584
Serbia and Kosovo (S/RES/1244 (1999)),Refugees (incl. refugee-like situations),36933,35101,32343
Serbia and Kosovo (S/RES/1244 (1999)),Returned IDPs,477,193,0
Serbia and Kosovo (S/RES/1244 (1999)),Returned refugees,166,355,6
Seychelles,Asylum-seekers,8,5,0
Seychelles,Refugees (incl. refugee-like situations),14,13,0
Sierra Leone,Asylum-seekers,4677,6267,7377
Sierra Leone,Others of concern,1479,375,0
Sierra Leone,Refugees (incl. refugee-like situations),4679,4498,4766
Sierra Leone,Returned refugees,3,0,0
Singapore,Asylum-seekers,55,59,58
Singapore,Refugees (incl. refugee-like situations),41,49,41
Slovakia,Asylum-seekers,586,705,385
Slovakia,Refugees (incl. refugee-like situations),794,915,1218
Slovenia,Asylum-seekers,16,16,5
Slovenia,Refugees (incl. refugee-like situations),21,18,19
Solomon Islands,Asylum-seekers,80,106,145
Solomon Islands,Refugees (incl. refugee-like situations),69,57,33
Somalia,Asylum-seekers,60454,58337,55815
Somalia,Internally displaced persons,1562554,2116705,2648000
Somalia,Others of concern,291,229,130
Somalia,Refugees (incl. refugee-like situations),1012323,986397,949612
Somalia,Returned refugees,36133,41479,87544
South Africa,Asylum-seekers,959,1617,2385
South Africa,Others of concern,7,5,5
South Africa,Refugees (incl. refugee-like situations),450,466,472
South Sudan,Asylum-seekers,5707,6464,12671
South Sudan,Internally displaced persons,1853924,1903953,1878153
South Sudan,Others of concern,0,10000,10000
South Sudan,Refugees (incl. refugee-like situations),1436719,2439907,2285286
South Sudan,Returned IDPs,752261,813,0
South Sudan,Returned refugees,1,2072,136155
Spain,Asylum-seekers,133,207,223
Spain,Refugees (incl. refugee-like situations),35,43,41
Sri Lanka,Asylum-seekers,15198,18942,14501
Sri Lanka,Internally displaced persons,39730,39322,35473
Sri Lanka,Others of concern,12,6,0
Sri Lanka,Refugees (incl. refugee-like situations),117479,115639,113930
Sri Lanka,Returned IDPs,12445,408,3849
Sri Lanka,Returned refugees,1054,1586,1421
Stateless,Asylum-seekers,10728,8905,7086
Stateless,Others of concern,0,0,16
Stateless,Refugees (incl. refugee-like situations),48683,53358,55750
Stateless,Stateless persons,3242207,2796204,2820336
Sudan,Asylum-seekers,46888,52200,67385
Sudan,Internally displaced persons,2225557,1997022,1864195
Sudan,Others of concern,123,19,0
Sudan,Refugees (incl. refugee-like situations),650640,694558,724742
Sudan,Returned IDPs,0,386243,0
Sudan,Returned refugees,37215,11674,1805
Suriname,Asylum-seekers,29,47,58
Suriname,Others of concern,1,1,0
Suriname,Refugees (incl. refugee-like situations),18,19,17
Swaziland,Asylum-seekers,145,44,42
Swaziland,Others of concern,2,0,0
Swaziland,Refugees (incl. refugee-like situations),229,234,227
Swaziland,Returned refugees,7,0,0
Sweden,Asylum-seekers,20,21,30
Sweden,Refugees (incl. refugee-like situations),15,16,16
Switzerland,Asylum-seekers,13,12,13
Switzerland,Refugees (incl. refugee-like situations),6,7,0
Syrian Arab Rep.,Asylum-seekers,184218,146749,139534
Syrian Arab Rep.,Internally displaced persons,6325978,6150005,6183920
Syrian Arab Rep.,Others of concern,8518,8599,8453
Syrian Arab Rep.,Refugees (incl. refugee-like situations),5524377,6308655,6654339
Syrian Arab Rep.,Returned IDPs,600000,597152,0
Syrian Arab Rep.,Returned refugees,1,77212,210947
Tajikistan,Asylum-seekers,3199,3616,3186
Tajikistan,Refugees (incl. refugee-like situations),925,1372,1680
Thailand,Asylum-seekers,957,1338,2778
Thailand,Refugees (incl. refugee-like situations),158,172,178
The former Yugoslav Republic of Macedonia,Asylum-seekers,6898,4044,3225
The former Yugoslav Republic of Macedonia,Refugees (incl. refugee-like situations),1738,1664,1701
Tibetan,Asylum-seekers,9,13,0
Tibetan,Others of concern,0,8,0
Tibetan,Refugees (incl. refugee-like situations),13534,13534,13527
Timor-Leste,Asylum-seekers,4,8,0
Timor-Leste,Refugees (incl. refugee-like situations),22,14,12
Togo,Asylum-seekers,2657,3779,3540
Togo,Refugees (incl. refugee-like situations),8310,8131,8009
Togo,Returned refugees,5,3,0
Tonga,Asylum-seekers,78,110,171
Tonga,Refugees (incl. refugee-like situations),27,35,32
Trinidad and Tobago,Asylum-seekers,241,311,301
Trinidad and Tobago,Others of concern,6,15,15
Trinidad and Tobago,Refugees (incl. refugee-like situations),295,312,318
Tunisia,Asylum-seekers,2050,2342,2750
Tunisia,Others of concern,7,9,0
Tunisia,Refugees (incl. refugee-like situations),1700,1842,1955
Turkey,Asylum-seekers,23228,33806,42869
Turkey,Others of concern,45,10,10
Turkey,Refugees (incl. refugee-like situations),57925,61386,68797
Turkey,Returned refugees,0,0,0
Turkmenistan,Asylum-seekers,1073,1120,1248
Turkmenistan,Others of concern,0,1,0
Turkmenistan,Refugees (incl. refugee-like situations),377,371,432
Turks and Caicos Islands,Asylum-seekers,3,3,0
Turks and Caicos Islands,Refugees (incl. refugee-like situations),16,16,14
Tuvalu,Asylum-seekers,1,0,0
Tuvalu,Refugees (incl. refugee-like situations),2,2,0
Uganda,Asylum-seekers,5323,10166,10934
Uganda,Others of concern,180002,180004,180000
Uganda,Refugees (incl. refugee-like situations),6233,6417,6979
Uganda,Returned refugees,0,2,0
Ukraine,Asylum-seekers,27862,37686,31940
Ukraine,Internally displaced persons,1800000,1800000,1500000
Ukraine,Others of concern,5,5,0
Ukraine,Refugees (incl. refugee-like situations),239075,139592,93233
Ukraine,Returned refugees,8,5,6
United Arab Emirates,Asylum-seekers,165,208,262
United Arab Emirates,Refugees (incl. refugee-like situations),112,144,164
United Kingdom,Asylum-seekers,109,160,184
United Kingdom,Others of concern,0,0,0
United Kingdom,Refugees (incl. refugee-like situations),81,85,79
United Rep. of Tanzania,Asylum-seekers,1233,1470,1648
United Rep. of Tanzania,Others of concern,14,15,10
United Rep. of Tanzania,Refugees (incl. refugee-like situations),594,670,698
United Rep. of Tanzania,Returned refugees,6,1,0
United States of America,Asylum-seekers,288,2199,2806
United States of America,Others of concern,8,8,0
United States of America,Refugees (incl. refugee-like situations),310,319,313
Uruguay,Asylum-seekers,108,177,190
Uruguay,Others of concern,0,0,0
Uruguay,Refugees (incl. refugee-like situations),27,19,7
Uzbekistan,Asylum-seekers,3013,3549,4576
Uzbekistan,Others of concern,2,2,0
Uzbekistan,Refugees (incl. refugee-like situations),3836,3418,3246
Uzbekistan,Returned refugees,3,0,0
Vanuatu,Asylum-seekers,0,15,51
Vanuatu,Refugees (incl. refugee-like situations),2,2,0
Various/Unknown,Asylum-seekers,228434,34574,65548
Various/Unknown,Others of concern,40875,120348,147254
Various/Unknown,Refugees (incl. refugee-like situations),138786,202193,216534
Venezuela (Bolivarian Republic of),Asylum-seekers,45088,147976,464209
Venezuela (Bolivarian Republic of),Others of concern,1,345585,2592947
Venezuela (Bolivarian Republic of),Refugees (incl. refugee-like situations),7537,9273,21027
Venezuela (Bolivarian Republic of),Returned refugees,0,0,0
Viet Nam,Asylum-seekers,4550,7119,5560
Viet Nam,Others of concern,68,68,68
Viet Nam,Refugees (incl. refugee-like situations),329351,334071,334444
Wallis and Futuna Islands ,Asylum-seekers,1,0,0
Western Sahara,Asylum-seekers,1999,1847,1799
Western Sahara,Refugees (incl. refugee-like situations),116649,116764,116786
Western Sahara,Returned refugees,6,0,0
Yemen,Asylum-seekers,15858,24642,35844
Yemen,Internally displaced persons,2025060,2014062,2144718
Yemen,Others of concern,9,12,0
Yemen,Refugees (incl. refugee-like situations),18452,23553,31120
Yemen,Returned IDPs,974058,125034,133600
Yemen,Returned refugees,1,2,0
Zambia,Asylum-seekers,310,172,253
Zambia,Others of concern,1,5,0
Zambia,Refugees (incl. refugee-like situations),265,271,256
Zimbabwe,Asylum-seekers,43202,21773,17107
Zimbabwe,Others of concern,162,170,110
Zimbabwe,Refugees (incl. refugee-like situations),18156,17434,15583
Zimbabwe,Returned refugees,6,38,21
